course_code,course_name,course_index,semester,course_label,Normal Workshop frequency,Normal Workshop Duration,Computer/Skills Workshop frequency,Computer Workshop Duration,Lecture frequency,Lecture duration by week,normal_year_taken
MATH08051,Statistics (Year 2),3,Semester 2,Course_3,No_normal_workshop,0.0,Every_odd_week,0.0,Every_week,2.0,2
MATH08058,Calculus and its Applications,5,Semester 2,Course_5,Every_week,2.0,No_cs_workshop,0.0,Every_week,4.0,1
MATH08065,Computing and Numerics,10,Semester 2,Course_10,Every_week,2.0,Every_week,2.0,Every_week,1.0,2
MATH11148,Credit Scoring,68,Semester 2,Course_68,No_normal_workshop,0.0,Every_week,1.0,Every_week,2.0,P
MATH08059,Proofs and Problem Solving,6,Semester 2,Course_6,Every_week,2.0,No_cs_workshop,0.0,Every_week,4.0,1
MATH08064,Fundamentals of Pure Mathematics,9,Semester 2,Course_9,Every_week,1.0,No_cs_workshop,0.0,Every_week,2.0,2
MATH08073,Mathematics for the Natural Sciences 1b,15,Semester 2,Course_15,Every_week,1.0,No_cs_workshop,0.0,Every_week,1.0,1
MATH10069,Honours Algebra,35,Semester 2,Course_35,Every_week,1.0,Every_odd_week,0.0,Every_week,2.0,3
MATH08075,Engineering Mathematics 1b,17,Semester 2,Course_17,Every_week,1.0,No_cs_workshop,0.0,Every_week,4.0,1
MATH10003,Financial Mathematics,19,Semester 2,Course_19,Every_odd_week,0.0,No_cs_workshop,0.0,Every_week,2.0,3
MATH10010,Mathematical Education,21,Full Year,Course_21,Every_week,1.0,No_cs_workshop,0.0,Every_week,4.0,4
MATH10024,"Probability, Measure & Finance",24,Full Year,Course_24,Every_week,1.0,No_cs_workshop,0.0,Every_week,4.0,4
MATH10051,Fourier Analysis,27,Semester 2,Course_27,Every_even_week,1.0,No_cs_workshop,0.0,Every_week,2.0,4
MATH10060,Numerical Ordinary Differential Equations and Applications,29,Semester 2,Course_29,Every_odd_week,0.0,Every_odd_week,0.0,Every_week,1.0,3
MATH10064,Multivariate Data Analysis,30,Semester 2,Course_30,Every_odd_week,0.0,No_cs_workshop,0.0,Every_week,2.0,4
MATH10067,Honours Complex Variables,33,Semester 2,Course_33,Every_week,1.0,Every_even_week,2.0,Every_week,2.0,3
MATH11147,Large Scale Optimization for Data Science,67,Semester 2,Course_67,No_normal_workshop,0.0,Every_week,1.0,Every_week,2.0,P
MATH10073,"Linear Programming, Modelling and Solution",38,Semester 2,Course_38,Every_odd_week,0.0,Every_even_week,2.0,Every_week,1.0,3
MATH10071,Introduction to Number Theory,36,Semester 2,Course_36,Every_odd_week,0.0,No_cs_workshop,0.0,Every_week,2.0,3
MATH10077,Algebraic Topology,41,Semester 2,Course_41,Every_week,1.0,No_cs_workshop,0.0,Every_week,2.0,4
MATH10080,Galois Theory,43,Semester 2,Course_43,Every_week,1.0,No_cs_workshop,0.0,Every_week,2.0,4
MATH10083,Topics in Mathematical Biology,45,Semester 2,Course_45,Every_week,1.0,No_cs_workshop,0.0,Every_week,2.0,4
MATH10086,Advanced Methods of Applied Mathematics,46,Semester 2,Course_46,Every_week,1.0,No_cs_workshop,0.0,Every_week,3.0,4
MATH10093,Statistical Computing,47,Semester 2,Course_47,No_normal_workshop,0.0,Every_week,2.0,Every_week,1.0,3
MATH11207,Numerical Partial Differential Equations,92,Semester 2,Course_92,No_normal_workshop,0.0,Every_odd_week,0.0,Every_odd_week,0.0,5
MATH10101,Metric Spaces,52,Semester 2,Course_52,Every_even_week,1.0,No_cs_workshop,0.0,Every_week,2.0,3
MATH10102,Statistical Case Studies,53,Full Year,Course_53,Every_week,2.0,No_cs_workshop,0.0,Every_week,4.0,4
MATH11028,Simulation,55,Semester 2,Course_55,Every_even_week,1.0,No_cs_workshop,0.0,Every_even_week,2.0,P
MATH11120,Algebraic Geometry,60,Semester 2,Course_60,Every_week,1.0,No_cs_workshop,0.0,Every_week,2.0,5
MATH11131,Time Series,61,Semester 2,Course_61,Every_week,2.0,No_cs_workshop,0.0,Every_week,2.0,P
MATH11132,Financial Risk Theory,62,Semester 2,Course_62,Every_week,0.0,No_cs_workshop,0.0,Every_week,4.0,P
MATH11138,Geometry of General Relativity,63,Semester 2,Course_63,Every_week,1.0,No_cs_workshop,0.0,Every_week,2.0,5
MATH11140,Applied Dynamical Systems,64,Semester 2,Course_64,Every_week,1.0,No_cs_workshop,0.0,Every_week,2.0,5
MATH11145,"Interactions in Algebra, Geometry, and Topology",66,Semester 2,Course_66,Every_week,1.0,No_cs_workshop,0.0,Every_week,2.0,5
MATH11150,Stochastic Control and Dynamic Asset Allocation,69,Semester 2,Course_69,No_normal_workshop,0.0,Every_week,1.0,Every_week,2.0,P
MATH11157,Risk-Neutral Asset Pricing,72,Semester 2,Course_72,Every_week,1.0,No_cs_workshop,0.0,Every_week,2.0,P
MATH11158,Optimization Methods in Finance,73,Semester 2,Course_73,Every_week,2.0,No_cs_workshop,0.0,Every_week,2.0,P
MATH11174,Biomedical Data Science,74,Semester 2,Course_74,Every_week,2.0,No_cs_workshop,0.0,Every_week,2.0,P
MATH11175,Bayesian Data Analysis,75,Semester 2,Course_75,Every_odd_week,0.0,No_cs_workshop,0.0,Every_odd_week,0.0,P
MATH11181,Mathematics in Action B,79,Semester 2,Course_79,Every_week,2.0,No_cs_workshop,0.0,Every_week,2.0,5
MATH11183,Topics in Applied Operational Research,80,Semester 2,Course_80,Every_week,2.0,No_cs_workshop,0.0,Every_week,2.0,P
MATH11185,Incomplete Data Analysis,81,Semester 2,Course_81,Every_even_week,1.0,No_cs_workshop,0.0,Every_even_week,2.0,P
MATH11188,Statistical Research Skills,83,Semester 2,Course_83,Every_week,1.0,No_cs_workshop,0.0,Every_week,1.0,P
MATH11190,Risk and Logistics,84,Semester 2,Course_84,,0.0,,0.0,,0.0,P
MATH11192,Integer and Combinatorial Optimization,85,Semester 2,Course_85,Every_week,1.0,No_cs_workshop,0.0,Every_week,2.0,P
MATH11193,Operational Research in the Energy Industry,86,Semester 2,Course_86,Every_week,1.0,No_cs_workshop,0.0,Every_week,2.0,P
MATH11197,Research Skills for Computational Applied Mathematics,87,Full Year,Course_87,Every_week,2.0,No_cs_workshop,0.0,Every_week,4.0,P
MATH11202,Numerical Probability and Monte Carlo,89,Semester 2,Course_89,Every_week,1.0,No_cs_workshop,0.0,Every_week,2.0,P
MATH11205,Machine Learning in Python,90,Semester 2,Course_90,Every_week,1.0,No_cs_workshop,0.0,Every_week,2.0,P
MATH11206,Data Assimilation,91,Semester 2,Course_91,Every_week,1.0,No_cs_workshop,0.0,Every_week,2.0,5
MATH11227,Topics in Mathematical Physics A,95,Semester 2,Course_95,Every_week,1.0,No_cs_workshop,0.0,Every_week,2.0,5
MATH11228,Research Skills for Financial Mathematics,96,Semester 2,Course_96,Every_even_week,1.0,No_cs_workshop,0.0,Every_even_week,0.0,P
MATH11233,Further Complex Variables,99,Semester 2,Course_99,Every_week,1.0,No_cs_workshop,0.0,Every_week,3.0,5
MATH11238,Targeted Causal Learning,102,Semester 2,Course_102,Every_odd_week,0.0,No_cs_workshop,0.0,Every_week,2.0,P
MATH11240,Numerical Methods for Data,103,Semester 2,Course_103,Every_week,1.0,No_cs_workshop,0.0,Every_week,2.0,P
