Model,Course,Day,Hour,Activity Type,Attendance_Number,Expected_Students,Attendance_Percentage
Constraint 1-10,3,Monday,17:00,Lecture,395,395,100.0
Constraint 1-10,3,Wednesday,10:00,Lecture,395,395,100.0
Constraint 1-10,3,Wednesday,16:00,Computer Workshop,395,395,100.0
Constraint 1-10,5,Friday,15:00,Lecture,623,623,100.0
Constraint 1-10,5,Monday,14:00,Lecture,623,623,100.0
Constraint 1-10,5,Thursday,15:00,Lecture,623,623,100.0
Constraint 1-10,5,Tuesday,15:00,Lecture,623,623,100.0
Constraint 1-10,5,Tuesday,9:00,Workshop,623,623,100.0
Constraint 1-10,6,Friday,13:00,Lecture,392,392,100.0
Constraint 1-10,6,Monday,9:00,Workshop,392,392,100.0
Constraint 1-10,6,Thursday,13:00,Lecture,392,392,100.0
Constraint 1-10,6,Tuesday,13:00,Lecture,392,392,100.0
Constraint 1-10,6,Wednesday,13:00,Lecture,392,392,100.0
Constraint 1-10,9,Friday,10:00,Workshop,461,461,100.0
Constraint 1-10,9,Tuesday,9:00,Lecture,461,461,100.0
Constraint 1-10,9,Wednesday,9:00,Lecture,461,461,100.0
Constraint 1-10,10,Friday,9:00,Workshop,388,388,100.0
Constraint 1-10,10,Monday,11:00,Lecture,388,388,100.0
Constraint 1-10,10,Thursday,9:00,Computer Workshop,388,388,100.0
Constraint 1-10,15,Monday,15:00,Lecture,142,142,100.0
Constraint 1-10,15,Monday,16:00,Workshop,142,142,100.0
Constraint 1-10,17,Friday,15:00,Lecture,429,429,100.0
Constraint 1-10,17,Monday,11:00,Workshop,429,429,100.0
Constraint 1-10,17,Monday,16:00,Lecture,429,429,100.0
Constraint 1-10,17,Tuesday,15:00,Lecture,429,429,100.0
Constraint 1-10,17,Wednesday,15:00,Lecture,429,429,100.0
Constraint 1-10,19,Friday,17:00,Workshop,192,193,99.48
Constraint 1-10,19,Monday,9:00,Lecture,193,193,100.0
Constraint 1-10,19,Tuesday,10:00,Lecture,193,193,100.0
Constraint 1-10,21,Friday,14:00,Lecture,53,53,100.0
Constraint 1-10,21,Monday,16:00,Workshop,53,53,100.0
Constraint 1-10,21,Thursday,12:00,Lecture,53,53,100.0
Constraint 1-10,21,Tuesday,12:00,Lecture,53,53,100.0
Constraint 1-10,21,Wednesday,14:00,Lecture,53,53,100.0
Constraint 1-10,24,Friday,12:00,Lecture,7,7,100.0
Constraint 1-10,24,Monday,17:00,Workshop,7,7,100.0
Constraint 1-10,24,Thursday,12:00,Lecture,7,7,100.0
Constraint 1-10,24,Tuesday,12:00,Lecture,7,7,100.0
Constraint 1-10,24,Wednesday,12:00,Lecture,7,7,100.0
Constraint 1-10,27,Friday,17:00,Lecture,19,19,100.0
Constraint 1-10,27,Monday,12:00,Lecture,19,19,100.0
Constraint 1-10,29,Friday,12:00,Computer Workshop,188,188,100.0
Constraint 1-10,29,Thursday,13:00,Lecture,187,188,99.47
Constraint 1-10,29,Wednesday,12:00,Workshop,188,188,100.0
Constraint 1-10,30,Thursday,14:00,Lecture,129,129,100.0
Constraint 1-10,30,Tuesday,14:00,Lecture,129,129,100.0
Constraint 1-10,30,Wednesday,17:00,Workshop,129,129,100.0
Constraint 1-10,33,Friday,15:00,Workshop,290,291,99.66
Constraint 1-10,33,Friday,16:00,Lecture,291,291,100.0
Constraint 1-10,33,Tuesday,16:00,Lecture,291,291,100.0
Constraint 1-10,35,Monday,10:00,Lecture,199,199,100.0
Constraint 1-10,35,Thursday,10:00,Lecture,199,199,100.0
Constraint 1-10,35,Tuesday,17:00,Workshop,199,199,100.0
Constraint 1-10,35,Wednesday,9:00,Computer Workshop,199,199,100.0
Constraint 1-10,36,Friday,10:00,Lecture,139,139,100.0
Constraint 1-10,36,Thursday,15:00,Workshop,139,139,100.0
Constraint 1-10,36,Wednesday,10:00,Lecture,138,139,99.28
Constraint 1-10,38,Tuesday,15:00,Lecture,88,88,100.0
Constraint 1-10,38,Wednesday,11:00,Workshop,88,88,100.0
Constraint 1-10,41,Monday,11:00,Lecture,23,23,100.0
Constraint 1-10,41,Thursday,17:00,Workshop,23,23,100.0
Constraint 1-10,41,Wednesday,17:00,Lecture,23,23,100.0
Constraint 1-10,43,Thursday,9:00,Workshop,28,28,100.0
Constraint 1-10,43,Tuesday,9:00,Lecture,28,28,100.0
Constraint 1-10,43,Wednesday,9:00,Lecture,27,28,96.43
Constraint 1-10,45,Monday,16:00,Lecture,3,3,100.0
Constraint 1-10,45,Tuesday,13:00,Workshop,3,3,100.0
Constraint 1-10,45,Wednesday,16:00,Lecture,3,3,100.0
Constraint 1-10,46,Monday,10:00,Lecture,54,54,100.0
Constraint 1-10,46,Thursday,10:00,Lecture,54,54,100.0
Constraint 1-10,46,Thursday,9:00,Workshop,54,54,100.0
Constraint 1-10,46,Tuesday,11:00,Lecture,54,54,100.0
Constraint 1-10,47,Tuesday,9:00,Computer Workshop,172,172,100.0
Constraint 1-10,47,Wednesday,15:00,Lecture,172,172,100.0
Constraint 1-10,52,Thursday,16:00,Lecture,84,84,100.0
Constraint 1-10,52,Wednesday,16:00,Lecture,84,84,100.0
Constraint 1-10,53,Friday,13:00,Lecture,44,44,100.0
Constraint 1-10,53,Thursday,16:00,Lecture,43,44,97.73
Constraint 1-10,53,Tuesday,13:00,Lecture,44,44,100.0
Constraint 1-10,53,Wednesday,13:00,Lecture,44,44,100.0
Constraint 1-10,53,Wednesday,9:00,Workshop,43,44,97.73
Constraint 1-10,60,Friday,9:00,Workshop,37,37,100.0
Constraint 1-10,60,Monday,9:00,Lecture,37,37,100.0
Constraint 1-10,60,Tuesday,10:00,Lecture,37,37,100.0
Constraint 1-10,61,Friday,17:00,Lecture,50,50,100.0
Constraint 1-10,61,Tuesday,10:00,Lecture,100,50,200.0
Constraint 1-10,61,Tuesday,9:00,Workshop,49,50,98.0
Constraint 1-10,62,Friday,10:00,Lecture,9,9,100.0
Constraint 1-10,62,Monday,14:00,Lecture,9,9,100.0
Constraint 1-10,62,Tuesday,10:00,Lecture,9,9,100.0
Constraint 1-10,62,Wednesday,10:00,Lecture,9,9,100.0
Constraint 1-10,63,Friday,14:00,Lecture,18,18,100.0
Constraint 1-10,63,Thursday,14:00,Lecture,18,18,100.0
Constraint 1-10,63,Wednesday,15:00,Workshop,18,18,100.0
Constraint 1-10,64,Monday,14:00,Lecture,43,43,100.0
Constraint 1-10,64,Tuesday,17:00,Workshop,43,43,100.0
Constraint 1-10,64,Wednesday,10:00,Lecture,43,43,100.0
Constraint 1-10,66,Friday,12:00,Lecture,27,27,100.0
Constraint 1-10,66,Monday,15:00,Workshop,27,27,100.0
Constraint 1-10,66,Wednesday,12:00,Lecture,27,27,100.0
Constraint 1-10,67,Tuesday,14:00,Lecture,23,23,100.0
Constraint 1-10,67,Wednesday,15:00,Computer Workshop,23,23,100.0
Constraint 1-10,67,Wednesday,17:00,Lecture,23,23,100.0
Constraint 1-10,68,Monday,11:00,Lecture,149,149,100.0
Constraint 1-10,68,Tuesday,17:00,Computer Workshop,149,149,100.0
Constraint 1-10,68,Wednesday,11:00,Lecture,149,149,100.0
Constraint 1-10,69,Friday,14:00,Lecture,27,27,100.0
Constraint 1-10,69,Monday,15:00,Computer Workshop,27,27,100.0
Constraint 1-10,69,Thursday,14:00,Lecture,27,27,100.0
Constraint 1-10,72,Tuesday,12:00,Lecture,36,36,100.0
Constraint 1-10,72,Tuesday,13:00,Workshop,36,36,100.0
Constraint 1-10,72,Wednesday,12:00,Lecture,36,36,100.0
Constraint 1-10,73,Friday,16:00,Lecture,64,66,96.97
Constraint 1-10,73,Thursday,16:00,Lecture,65,66,98.48
Constraint 1-10,73,Thursday,9:00,Workshop,64,66,96.97
Constraint 1-10,74,Friday,9:00,Workshop,95,96,98.96
Constraint 1-10,74,Monday,12:00,Lecture,96,96,100.0
Constraint 1-10,74,Tuesday,11:00,Lecture,96,96,100.0
Constraint 1-10,75,Friday,11:00,Lecture,120,121,99.17
Constraint 1-10,75,Monday,13:00,Lecture,121,121,100.0
Constraint 1-10,75,Thursday,9:00,Workshop,120,121,99.17
Constraint 1-10,79,Friday,16:00,Lecture,76,79,96.2
Constraint 1-10,79,Friday,9:00,Workshop,77,79,97.47
Constraint 1-10,79,Thursday,17:00,Lecture,78,79,98.73
Constraint 1-10,80,Friday,10:00,Lecture,47,48,97.92
Constraint 1-10,80,Monday,9:00,Workshop,47,48,97.92
Constraint 1-10,80,Thursday,10:00,Lecture,48,48,100.0
Constraint 1-10,83,Monday,16:00,Workshop,96,96,100.0
Constraint 1-10,83,Tuesday,12:00,Lecture,96,96,100.0
Constraint 1-10,85,Monday,13:00,Lecture,71,71,100.0
Constraint 1-10,85,Thursday,13:00,Workshop,71,71,100.0
Constraint 1-10,85,Thursday,17:00,Lecture,70,71,98.59
Constraint 1-10,86,Monday,15:00,Workshop,19,19,100.0
Constraint 1-10,86,Tuesday,9:00,Lecture,19,19,100.0
Constraint 1-10,86,Wednesday,9:00,Lecture,19,19,100.0
Constraint 1-10,87,Friday,11:00,Lecture,23,24,95.83
Constraint 1-10,87,Monday,9:00,Workshop,24,24,100.0
Constraint 1-10,87,Thursday,12:00,Lecture,24,24,100.0
Constraint 1-10,87,Tuesday,12:00,Lecture,24,24,100.0
Constraint 1-10,87,Wednesday,11:00,Lecture,24,24,100.0
Constraint 1-10,89,Thursday,15:00,Lecture,39,39,100.0
Constraint 1-10,89,Tuesday,11:00,Workshop,39,39,100.0
Constraint 1-10,89,Tuesday,15:00,Lecture,39,39,100.0
Constraint 1-10,90,Friday,15:00,Workshop,153,153,100.0
Constraint 1-10,90,Thursday,11:00,Lecture,153,153,100.0
Constraint 1-10,90,Wednesday,16:00,Lecture,151,153,98.69
Constraint 1-10,91,Friday,16:00,Workshop,10,11,90.91
Constraint 1-10,91,Thursday,15:00,Lecture,11,11,100.0
Constraint 1-10,91,Wednesday,12:00,Lecture,10,11,90.91
Constraint 1-10,92,Tuesday,16:00,Lecture,51,51,100.0
Constraint 1-10,92,Wednesday,14:00,Computer Workshop,49,51,96.08
Constraint 1-10,92,Wednesday,9:00,Lecture,50,51,98.04
Constraint 1-10,95,Monday,14:00,Workshop,12,12,100.0
Constraint 1-10,95,Monday,16:00,Lecture,12,12,100.0
Constraint 1-10,95,Wednesday,9:00,Lecture,12,12,100.0
Constraint 1-10,99,Friday,13:00,Lecture,35,35,100.0
Constraint 1-10,99,Monday,13:00,Lecture,35,35,100.0
Constraint 1-10,99,Tuesday,14:00,Workshop,34,35,97.14
Constraint 1-10,99,Wednesday,13:00,Lecture,35,35,100.0
Constraint 1-10,102,Monday,15:00,Workshop,11,11,100.0
Constraint 1-10,102,Thursday,12:00,Lecture,11,11,100.0
Constraint 1-10,102,Wednesday,12:00,Lecture,11,11,100.0
Constraint 1-10,103,Friday,17:00,Lecture,17,17,100.0
Constraint 1-10,103,Monday,10:00,Lecture,17,17,100.0
Constraint 1-10,103,Thursday,14:00,Workshop,17,17,100.0
