Model,Course,Day,Hour,Activity Type,Attendance_Number,Expected_Students,Attendance_Percentage
Model 1 (Baseline),1,Tuesday,9:00,Workshop,248,248,100.0
Model 1 (Baseline),2,Friday,17:00,Lecture,41,41,100.0
Model 1 (Baseline),2,Monday,10:00,Lecture,41,41,100.0
Model 1 (Baseline),4,Monday,11:00,Lecture,585,585,100.0
Model 1 (Baseline),4,Monday,12:00,Lecture,585,585,100.0
Model 1 (Baseline),4,Monday,9:00,Workshop,585,585,100.0
Model 1 (Baseline),4,Thursday,12:00,Lecture,585,585,100.0
Model 1 (Baseline),4,Wednesday,9:00,Lecture,585,585,100.0
Model 1 (Baseline),7,Friday,15:00,Lecture,57,57,100.0
Model 1 (Baseline),7,Tuesday,15:00,Lecture,57,57,100.0
Model 1 (Baseline),7,Tuesday,9:00,Workshop,57,57,100.0
Model 1 (Baseline),8,Thursday,17:00,Lecture,452,452,100.0
Model 1 (Baseline),8,Tuesday,11:00,Lecture,452,452,100.0
Model 1 (Baseline),8,Tuesday,17:00,Lecture,452,452,100.0
Model 1 (Baseline),8,Wednesday,11:00,Lecture,452,452,100.0
Model 1 (Baseline),8,Wednesday,12:00,Workshop,452,452,100.0
Model 1 (Baseline),11,Tuesday,14:00,Workshop,458,458,100.0
Model 1 (Baseline),11,Wednesday,13:00,Lecture,458,458,100.0
Model 1 (Baseline),11,Wednesday,14:00,Lecture,458,458,100.0
Model 1 (Baseline),12,Friday,16:00,Lecture,273,274,99.64
Model 1 (Baseline),12,Wednesday,9:00,Workshop,274,274,100.0
Model 1 (Baseline),13,Friday,17:00,Workshop,71,71,100.0
Model 1 (Baseline),13,Tuesday,10:00,Lecture,71,71,100.0
Model 1 (Baseline),13,Tuesday,16:00,Lecture,71,71,100.0
Model 1 (Baseline),14,Friday,16:00,Lecture,141,141,100.0
Model 1 (Baseline),14,Monday,13:00,Workshop,141,141,100.0
Model 1 (Baseline),14,Tuesday,16:00,Lecture,141,141,100.0
Model 1 (Baseline),16,Friday,9:00,Lecture,427,427,100.0
Model 1 (Baseline),16,Tuesday,11:00,Workshop,427,427,100.0
Model 1 (Baseline),16,Tuesday,16:00,Lecture,427,427,100.0
Model 1 (Baseline),18,Monday,10:00,Lecture,180,180,100.0
Model 1 (Baseline),18,Thursday,16:00,Lecture,180,180,100.0
Model 1 (Baseline),18,Thursday,9:00,Workshop,180,180,100.0
Model 1 (Baseline),20,Friday,14:00,Workshop,148,149,99.33
Model 1 (Baseline),20,Monday,16:00,Lecture,148,149,99.33
Model 1 (Baseline),20,Monday,9:00,Computer Workshop,149,149,100.0
Model 1 (Baseline),20,Thursday,16:00,Lecture,148,149,99.33
Model 1 (Baseline),21,Monday,15:00,Lecture,53,53,100.0
Model 1 (Baseline),21,Thursday,15:00,Lecture,49,53,92.45
Model 1 (Baseline),21,Tuesday,15:00,Lecture,52,53,98.11
Model 1 (Baseline),21,Tuesday,16:00,Lecture,53,53,100.0
Model 1 (Baseline),21,Wednesday,14:00,Workshop,53,53,100.0
Model 1 (Baseline),22,Friday,15:00,Lecture,60,60,100.0
Model 1 (Baseline),22,Monday,14:00,Lecture,60,60,100.0
Model 1 (Baseline),22,Wednesday,16:00,Workshop,57,60,95.0
Model 1 (Baseline),23,Monday,13:00,Workshop,30,30,100.0
Model 1 (Baseline),23,Thursday,13:00,Lecture,30,30,100.0
Model 1 (Baseline),23,Wednesday,9:00,Lecture,30,30,100.0
Model 1 (Baseline),24,Friday,10:00,Workshop,7,7,100.0
Model 1 (Baseline),24,Monday,15:00,Lecture,7,7,100.0
Model 1 (Baseline),24,Thursday,10:00,Lecture,7,7,100.0
Model 1 (Baseline),24,Thursday,9:00,Lecture,7,7,100.0
Model 1 (Baseline),24,Tuesday,15:00,Lecture,7,7,100.0
Model 1 (Baseline),25,Friday,17:00,Workshop,58,58,100.0
Model 1 (Baseline),25,Monday,17:00,Lecture,58,58,100.0
Model 1 (Baseline),25,Wednesday,15:00,Lecture,58,58,100.0
Model 1 (Baseline),26,Tuesday,13:00,Lecture,25,25,100.0
Model 1 (Baseline),26,Wednesday,10:00,Workshop,25,25,100.0
Model 1 (Baseline),26,Wednesday,13:00,Lecture,24,25,96.0
Model 1 (Baseline),28,Friday,11:00,Computer Workshop,48,50,96.0
Model 1 (Baseline),28,Thursday,11:00,Workshop,49,50,98.0
Model 1 (Baseline),28,Thursday,13:00,Lecture,48,50,96.0
Model 1 (Baseline),28,Wednesday,14:00,Lecture,47,50,94.0
Model 1 (Baseline),32,Thursday,11:00,Lecture,307,308,99.68
Model 1 (Baseline),32,Tuesday,11:00,Lecture,308,308,100.0
Model 1 (Baseline),32,Tuesday,15:00,Workshop,308,308,100.0
Model 1 (Baseline),32,Wednesday,12:00,Lecture,308,308,100.0
Model 1 (Baseline),34,Friday,12:00,Lecture,188,188,100.0
Model 1 (Baseline),34,Friday,9:00,Computer Workshop,188,188,100.0
Model 1 (Baseline),34,Monday,15:00,Lecture,188,188,100.0
Model 1 (Baseline),34,Tuesday,16:00,Workshop,188,188,100.0
Model 1 (Baseline),37,Friday,15:00,Workshop,92,96,95.83
Model 1 (Baseline),37,Monday,10:00,Lecture,96,96,100.0
Model 1 (Baseline),37,Monday,11:00,Lecture,95,96,98.96
Model 1 (Baseline),39,Friday,11:00,Lecture,97,97,100.0
Model 1 (Baseline),39,Tuesday,9:00,Lecture,97,97,100.0
Model 1 (Baseline),40,Friday,14:00,Lecture,54,54,100.0
Model 1 (Baseline),40,Monday,16:00,Lecture,54,54,100.0
Model 1 (Baseline),40,Wednesday,15:00,Workshop,52,54,96.3
Model 1 (Baseline),42,Friday,16:00,Workshop,50,50,100.0
Model 1 (Baseline),42,Tuesday,17:00,Lecture,50,50,100.0
Model 1 (Baseline),42,Wednesday,17:00,Lecture,50,50,100.0
Model 1 (Baseline),44,Friday,17:00,Workshop,25,25,100.0
Model 1 (Baseline),44,Monday,9:00,Lecture,25,25,100.0
Model 1 (Baseline),44,Thursday,11:00,Lecture,25,25,100.0
Model 1 (Baseline),48,Tuesday,17:00,Lecture,256,262,97.71
Model 1 (Baseline),48,Wednesday,17:00,Lecture,256,262,97.71
Model 1 (Baseline),49,Thursday,14:00,Lecture,135,145,93.1
Model 1 (Baseline),49,Thursday,17:00,Lecture,135,145,93.1
Model 1 (Baseline),49,Thursday,9:00,Computer Workshop,135,145,93.1
Model 1 (Baseline),50,Tuesday,14:00,Lecture,43,43,100.0
Model 1 (Baseline),50,Wednesday,9:00,Workshop,42,43,97.67
Model 1 (Baseline),51,Friday,9:00,Lecture,32,33,96.97
Model 1 (Baseline),51,Wednesday,11:00,Lecture,32,33,96.97
Model 1 (Baseline),51,Wednesday,16:00,Workshop,32,33,96.97
Model 1 (Baseline),53,Friday,16:00,Lecture,44,44,100.0
Model 1 (Baseline),53,Friday,9:00,Workshop,44,44,100.0
Model 1 (Baseline),53,Monday,11:00,Lecture,44,44,100.0
Model 1 (Baseline),53,Tuesday,11:00,Lecture,44,44,100.0
Model 1 (Baseline),53,Wednesday,11:00,Lecture,44,44,100.0
Model 1 (Baseline),54,Friday,16:00,Lecture,65,78,83.33
Model 1 (Baseline),54,Thursday,16:00,Workshop,65,78,83.33
Model 1 (Baseline),54,Tuesday,13:00,Lecture,65,78,83.33
Model 1 (Baseline),56,Friday,17:00,Lecture,49,59,83.05
Model 1 (Baseline),56,Monday,17:00,Lecture,49,59,83.05
Model 1 (Baseline),56,Tuesday,9:00,Workshop,48,59,81.36
Model 1 (Baseline),57,Thursday,17:00,Lecture,13,13,100.0
Model 1 (Baseline),57,Thursday,9:00,Workshop,13,13,100.0
Model 1 (Baseline),57,Wednesday,14:00,Lecture,13,13,100.0
Model 1 (Baseline),58,Monday,10:00,Lecture,66,67,98.51
Model 1 (Baseline),58,Monday,12:00,Lecture,66,67,98.51
Model 1 (Baseline),58,Monday,13:00,Lecture,67,67,100.0
Model 1 (Baseline),58,Thursday,16:00,Workshop,66,67,98.51
Model 1 (Baseline),58,Tuesday,12:00,Lecture,67,67,100.0
Model 1 (Baseline),59,Friday,10:00,Lecture,161,174,92.53
Model 1 (Baseline),59,Thursday,10:00,Lecture,161,174,92.53
Model 1 (Baseline),59,Thursday,15:00,Workshop,161,174,92.53
Model 1 (Baseline),65,Thursday,10:00,Lecture,5,5,100.0
Model 1 (Baseline),65,Tuesday,17:00,Lecture,5,5,100.0
Model 1 (Baseline),65,Wednesday,13:00,Workshop,5,5,100.0
Model 1 (Baseline),71,Friday,12:00,Lecture,79,79,100.0
Model 1 (Baseline),71,Friday,16:00,Lecture,79,79,100.0
Model 1 (Baseline),71,Tuesday,17:00,Lecture,79,79,100.0
Model 1 (Baseline),71,Wednesday,11:00,Lecture,79,79,100.0
Model 1 (Baseline),76,Monday,16:00,Lecture,129,140,92.14
Model 1 (Baseline),76,Tuesday,16:00,Computer Workshop,129,140,92.14
Model 1 (Baseline),76,Wednesday,10:00,Lecture,129,140,92.14
Model 1 (Baseline),77,Monday,9:00,Lecture,159,161,98.76
Model 1 (Baseline),77,Thursday,12:00,Workshop,160,161,99.38
Model 1 (Baseline),77,Wednesday,12:00,Lecture,160,161,99.38
Model 1 (Baseline),78,Monday,17:00,Lecture,29,29,100.0
Model 1 (Baseline),78,Thursday,16:00,Workshop,28,29,96.55
Model 1 (Baseline),78,Wednesday,10:00,Lecture,29,29,100.0
Model 1 (Baseline),87,Friday,12:00,Lecture,14,24,58.33
Model 1 (Baseline),87,Friday,16:00,Lecture,14,24,58.33
Model 1 (Baseline),87,Friday,9:00,Workshop,14,24,58.33
Model 1 (Baseline),87,Monday,12:00,Lecture,14,24,58.33
Model 1 (Baseline),87,Tuesday,12:00,Lecture,14,24,58.33
Model 1 (Baseline),88,Friday,14:00,Lecture,207,228,90.79
Model 1 (Baseline),88,Wednesday,9:00,Workshop,207,228,90.79
Model 1 (Baseline),94,Friday,13:00,Workshop,37,38,97.37
Model 1 (Baseline),94,Tuesday,10:00,Lecture,38,38,100.0
Model 1 (Baseline),94,Tuesday,9:00,Lecture,37,38,97.37
Model 1 (Baseline),97,Friday,13:00,Lecture,47,47,100.0
Model 1 (Baseline),97,Thursday,14:00,Workshop,47,47,100.0
Model 1 (Baseline),97,Wednesday,13:00,Lecture,47,47,100.0
Model 1 (Baseline),98,Tuesday,10:00,Lecture,58,32,181.25
Model 1 (Baseline),98,Tuesday,9:00,Workshop,29,32,90.62
Model 1 (Baseline),100,Thursday,12:00,Workshop,35,35,100.0
Model 1 (Baseline),100,Tuesday,12:00,Lecture,35,35,100.0
Model 1 (Baseline),100,Wednesday,12:00,Lecture,35,35,100.0
Model 1 (Baseline),101,Friday,12:00,Lecture,22,22,100.0
Model 1 (Baseline),101,Monday,12:00,Lecture,22,22,100.0
Model 1 (Baseline),101,Tuesday,14:00,Workshop,22,22,100.0
Model 4 (Recommended),1,Wednesday,10:00,Workshop,248,248,100.0
Model 4 (Recommended),2,Monday,17:00,Lecture,41,41,100.0
Model 4 (Recommended),2,Tuesday,17:00,Lecture,41,41,100.0
Model 4 (Recommended),4,Friday,9:00,Workshop,585,585,100.0
Model 4 (Recommended),4,Monday,15:00,Lecture,585,585,100.0
Model 4 (Recommended),4,Thursday,15:00,Lecture,585,585,100.0
Model 4 (Recommended),4,Tuesday,15:00,Lecture,585,585,100.0
Model 4 (Recommended),4,Wednesday,15:00,Lecture,585,585,100.0
Model 4 (Recommended),7,Friday,9:00,Workshop,57,57,100.0
Model 4 (Recommended),7,Thursday,12:00,Lecture,57,57,100.0
Model 4 (Recommended),7,Wednesday,12:00,Lecture,57,57,100.0
Model 4 (Recommended),8,Monday,17:00,Lecture,452,452,100.0
Model 4 (Recommended),8,Thursday,17:00,Lecture,452,452,100.0
Model 4 (Recommended),8,Tuesday,10:00,Workshop,452,452,100.0
Model 4 (Recommended),8,Tuesday,17:00,Lecture,452,452,100.0
Model 4 (Recommended),8,Wednesday,17:00,Lecture,452,452,100.0
Model 4 (Recommended),11,Monday,9:00,Lecture,458,458,100.0
Model 4 (Recommended),11,Tuesday,9:00,Lecture,458,458,100.0
Model 4 (Recommended),11,Wednesday,16:00,Workshop,458,458,100.0
Model 4 (Recommended),12,Friday,9:00,Workshop,274,274,100.0
Model 4 (Recommended),12,Tuesday,14:00,Lecture,274,274,100.0
Model 4 (Recommended),13,Friday,11:00,Lecture,71,71,100.0
Model 4 (Recommended),13,Thursday,9:00,Workshop,71,71,100.0
Model 4 (Recommended),13,Wednesday,11:00,Lecture,71,71,100.0
Model 4 (Recommended),14,Monday,12:00,Workshop,141,141,100.0
Model 4 (Recommended),14,Thursday,9:00,Lecture,141,141,100.0
Model 4 (Recommended),14,Tuesday,9:00,Lecture,141,141,100.0
Model 4 (Recommended),16,Monday,12:00,Lecture,427,427,100.0
Model 4 (Recommended),16,Thursday,9:00,Lecture,427,427,100.0
Model 4 (Recommended),16,Tuesday,9:00,Workshop,427,427,100.0
Model 4 (Recommended),18,Friday,17:00,Lecture,180,180,100.0
Model 4 (Recommended),18,Monday,16:00,Lecture,180,180,100.0
Model 4 (Recommended),18,Wednesday,9:00,Workshop,180,180,100.0
Model 4 (Recommended),20,Monday,13:00,Lecture,149,149,100.0
Model 4 (Recommended),20,Monday,9:00,Workshop,149,149,100.0
Model 4 (Recommended),20,Tuesday,13:00,Lecture,149,149,100.0
Model 4 (Recommended),20,Tuesday,9:00,Computer Workshop,149,149,100.0
Model 4 (Recommended),21,Friday,13:00,Lecture,53,53,100.0
Model 4 (Recommended),21,Monday,16:00,Lecture,53,53,100.0
Model 4 (Recommended),21,Tuesday,17:00,Lecture,53,53,100.0
Model 4 (Recommended),21,Wednesday,11:00,Workshop,53,53,100.0
Model 4 (Recommended),21,Wednesday,16:00,Lecture,53,53,100.0
Model 4 (Recommended),22,Friday,16:00,Workshop,60,60,100.0
Model 4 (Recommended),22,Thursday,10:00,Lecture,60,60,100.0
Model 4 (Recommended),22,Tuesday,10:00,Lecture,60,60,100.0
Model 4 (Recommended),23,Monday,10:00,Workshop,30,30,100.0
Model 4 (Recommended),23,Monday,16:00,Lecture,29,30,96.67
Model 4 (Recommended),23,Thursday,16:00,Lecture,30,30,100.0
Model 4 (Recommended),24,Friday,13:00,Workshop,7,7,100.0
Model 4 (Recommended),24,Friday,9:00,Lecture,7,7,100.0
Model 4 (Recommended),24,Thursday,17:00,Lecture,7,7,100.0
Model 4 (Recommended),24,Tuesday,17:00,Lecture,7,7,100.0
Model 4 (Recommended),24,Wednesday,16:00,Lecture,7,7,100.0
Model 4 (Recommended),25,Friday,11:00,Lecture,58,58,100.0
Model 4 (Recommended),25,Thursday,14:00,Workshop,58,58,100.0
Model 4 (Recommended),25,Wednesday,13:00,Lecture,58,58,100.0
Model 4 (Recommended),26,Thursday,10:00,Workshop,24,25,96.0
Model 4 (Recommended),26,Thursday,15:00,Lecture,25,25,100.0
Model 4 (Recommended),26,Tuesday,12:00,Lecture,25,25,100.0
Model 4 (Recommended),28,Friday,17:00,Computer Workshop,49,50,98.0
Model 4 (Recommended),28,Monday,11:00,Lecture,49,50,98.0
Model 4 (Recommended),28,Thursday,11:00,Lecture,49,50,98.0
Model 4 (Recommended),28,Wednesday,10:00,Workshop,49,50,98.0
Model 4 (Recommended),32,Friday,14:00,Workshop,308,308,100.0
Model 4 (Recommended),32,Monday,14:00,Lecture,308,308,100.0
Model 4 (Recommended),32,Thursday,17:00,Lecture,308,308,100.0
Model 4 (Recommended),32,Tuesday,11:00,Lecture,308,308,100.0
Model 4 (Recommended),34,Thursday,12:00,Lecture,188,188,100.0
Model 4 (Recommended),34,Tuesday,16:00,Workshop,188,188,100.0
Model 4 (Recommended),34,Tuesday,17:00,Lecture,188,188,100.0
Model 4 (Recommended),34,Wednesday,9:00,Computer Workshop,188,188,100.0
Model 4 (Recommended),37,Friday,10:00,Lecture,96,96,100.0
Model 4 (Recommended),37,Friday,15:00,Workshop,96,96,100.0
Model 4 (Recommended),37,Wednesday,17:00,Lecture,95,96,98.96
Model 4 (Recommended),39,Thursday,13:00,Lecture,97,97,100.0
Model 4 (Recommended),39,Tuesday,10:00,Lecture,97,97,100.0
Model 4 (Recommended),40,Monday,12:00,Workshop,54,54,100.0
Model 4 (Recommended),40,Tuesday,14:00,Lecture,54,54,100.0
Model 4 (Recommended),40,Wednesday,14:00,Lecture,54,54,100.0
Model 4 (Recommended),42,Friday,12:00,Lecture,50,50,100.0
Model 4 (Recommended),42,Monday,17:00,Lecture,50,50,100.0
Model 4 (Recommended),42,Thursday,9:00,Workshop,50,50,100.0
Model 4 (Recommended),44,Monday,11:00,Lecture,25,25,100.0
Model 4 (Recommended),44,Tuesday,9:00,Lecture,25,25,100.0
Model 4 (Recommended),44,Wednesday,12:00,Workshop,25,25,100.0
Model 4 (Recommended),48,Friday,12:00,Lecture,255,262,97.33
Model 4 (Recommended),48,Thursday,16:00,Lecture,255,262,97.33
Model 4 (Recommended),49,Friday,9:00,Computer Workshop,134,145,92.41
Model 4 (Recommended),49,Monday,15:00,Lecture,135,145,93.1
Model 4 (Recommended),49,Wednesday,15:00,Lecture,135,145,93.1
Model 4 (Recommended),50,Thursday,9:00,Workshop,43,43,100.0
Model 4 (Recommended),50,Tuesday,12:00,Lecture,42,43,97.67
Model 4 (Recommended),51,Thursday,13:00,Lecture,33,33,100.0
Model 4 (Recommended),51,Tuesday,15:00,Lecture,33,33,100.0
Model 4 (Recommended),51,Wednesday,9:00,Workshop,33,33,100.0
Model 4 (Recommended),53,Friday,12:00,Lecture,44,44,100.0
Model 4 (Recommended),53,Monday,14:00,Lecture,44,44,100.0
Model 4 (Recommended),53,Thursday,17:00,Lecture,44,44,100.0
Model 4 (Recommended),53,Tuesday,14:00,Lecture,44,44,100.0
Model 4 (Recommended),53,Tuesday,9:00,Workshop,43,44,97.73
Model 4 (Recommended),54,Friday,10:00,Lecture,65,78,83.33
Model 4 (Recommended),54,Thursday,14:00,Workshop,65,78,83.33
Model 4 (Recommended),54,Tuesday,15:00,Lecture,65,78,83.33
Model 4 (Recommended),56,Monday,14:00,Lecture,49,59,83.05
Model 4 (Recommended),56,Tuesday,14:00,Lecture,49,59,83.05
Model 4 (Recommended),56,Wednesday,9:00,Workshop,49,59,83.05
Model 4 (Recommended),57,Thursday,10:00,Lecture,13,13,100.0
Model 4 (Recommended),57,Tuesday,10:00,Lecture,13,13,100.0
Model 4 (Recommended),57,Wednesday,16:00,Workshop,13,13,100.0
Model 4 (Recommended),58,Friday,14:00,Lecture,65,67,97.01
Model 4 (Recommended),58,Monday,10:00,Workshop,67,67,100.0
Model 4 (Recommended),58,Thursday,16:00,Lecture,67,67,100.0
Model 4 (Recommended),58,Tuesday,16:00,Lecture,67,67,100.0
Model 4 (Recommended),58,Wednesday,17:00,Lecture,67,67,100.0
Model 4 (Recommended),59,Monday,17:00,Lecture,161,174,92.53
Model 4 (Recommended),59,Thursday,15:00,Workshop,161,174,92.53
Model 4 (Recommended),59,Tuesday,12:00,Lecture,159,174,91.38
Model 4 (Recommended),65,Friday,12:00,Workshop,5,5,100.0
Model 4 (Recommended),65,Thursday,13:00,Lecture,5,5,100.0
Model 4 (Recommended),65,Tuesday,13:00,Lecture,5,5,100.0
Model 4 (Recommended),71,Monday,15:00,Lecture,79,79,100.0
Model 4 (Recommended),71,Thursday,17:00,Lecture,79,79,100.0
Model 4 (Recommended),71,Tuesday,17:00,Lecture,79,79,100.0
Model 4 (Recommended),71,Wednesday,15:00,Lecture,79,79,100.0
Model 4 (Recommended),76,Monday,16:00,Computer Workshop,129,140,92.14
Model 4 (Recommended),76,Tuesday,16:00,Lecture,129,140,92.14
Model 4 (Recommended),76,Wednesday,16:00,Lecture,129,140,92.14
Model 4 (Recommended),77,Thursday,12:00,Lecture,159,161,98.76
Model 4 (Recommended),77,Tuesday,13:00,Workshop,159,161,98.76
Model 4 (Recommended),77,Wednesday,12:00,Lecture,160,161,99.38
Model 4 (Recommended),78,Friday,15:00,Lecture,29,29,100.0
Model 4 (Recommended),78,Thursday,14:00,Workshop,29,29,100.0
Model 4 (Recommended),78,Wednesday,17:00,Lecture,29,29,100.0
Model 4 (Recommended),87,Friday,13:00,Lecture,14,24,58.33
Model 4 (Recommended),87,Thursday,17:00,Lecture,14,24,58.33
Model 4 (Recommended),87,Thursday,9:00,Workshop,14,24,58.33
Model 4 (Recommended),87,Tuesday,17:00,Lecture,14,24,58.33
Model 4 (Recommended),87,Wednesday,17:00,Lecture,14,24,58.33
Model 4 (Recommended),88,Monday,12:00,Lecture,207,228,90.79
Model 4 (Recommended),88,Tuesday,9:00,Workshop,207,228,90.79
Model 4 (Recommended),94,Friday,14:00,Workshop,38,38,100.0
Model 4 (Recommended),94,Monday,13:00,Lecture,37,38,97.37
Model 4 (Recommended),94,Tuesday,11:00,Lecture,38,38,100.0
Model 4 (Recommended),97,Monday,15:00,Lecture,47,47,100.0
Model 4 (Recommended),97,Wednesday,14:00,Workshop,47,47,100.0
Model 4 (Recommended),97,Wednesday,15:00,Lecture,47,47,100.0
Model 4 (Recommended),98,Monday,9:00,Workshop,26,32,81.25
Model 4 (Recommended),98,Tuesday,11:00,Lecture,29,32,90.62
Model 4 (Recommended),100,Friday,11:00,Workshop,35,35,100.0
Model 4 (Recommended),100,Monday,14:00,Lecture,35,35,100.0
Model 4 (Recommended),100,Tuesday,16:00,Lecture,35,35,100.0
Model 4 (Recommended),101,Friday,17:00,Lecture,22,22,100.0
Model 4 (Recommended),101,Thursday,12:00,Lecture,22,22,100.0
Model 4 (Recommended),101,Thursday,17:00,Workshop,22,22,100.0
Model 2,1,Monday,9:00,Workshop,248,248,100.0
Model 2,2,Friday,9:00,Lecture,41,41,100.0
Model 2,2,Tuesday,9:00,Lecture,41,41,100.0
Model 2,4,Friday,13:00,Lecture,585,585,100.0
Model 2,4,Thursday,13:00,Lecture,585,585,100.0
Model 2,4,Thursday,9:00,Workshop,585,585,100.0
Model 2,4,Tuesday,16:00,Lecture,585,585,100.0
Model 2,4,Wednesday,13:00,Lecture,585,585,100.0
Model 2,7,Friday,9:00,Lecture,57,57,100.0
Model 2,7,Thursday,11:00,Lecture,57,57,100.0
Model 2,7,Thursday,9:00,Workshop,57,57,100.0
Model 2,8,Friday,17:00,Lecture,452,452,100.0
Model 2,8,Monday,17:00,Lecture,452,452,100.0
Model 2,8,Thursday,17:00,Workshop,452,452,100.0
Model 2,8,Tuesday,17:00,Lecture,452,452,100.0
Model 2,8,Wednesday,17:00,Lecture,452,452,100.0
Model 2,11,Monday,13:00,Lecture,458,458,100.0
Model 2,11,Tuesday,13:00,Lecture,458,458,100.0
Model 2,11,Wednesday,14:00,Workshop,458,458,100.0
Model 2,12,Thursday,9:00,Workshop,274,274,100.0
Model 2,12,Wednesday,16:00,Lecture,274,274,100.0
Model 2,13,Monday,10:00,Lecture,71,71,100.0
Model 2,13,Monday,16:00,Workshop,71,71,100.0
Model 2,13,Tuesday,10:00,Lecture,71,71,100.0
Model 2,14,Friday,13:00,Lecture,141,141,100.0
Model 2,14,Monday,9:00,Workshop,141,141,100.0
Model 2,14,Wednesday,13:00,Lecture,141,141,100.0
Model 2,16,Friday,9:00,Lecture,427,427,100.0
Model 2,16,Monday,13:00,Workshop,427,427,100.0
Model 2,16,Monday,9:00,Lecture,427,427,100.0
Model 2,18,Thursday,10:00,Lecture,180,180,100.0
Model 2,18,Wednesday,10:00,Lecture,360,180,200.0
Model 2,18,Wednesday,9:00,Workshop,180,180,100.0
Model 2,20,Monday,16:00,Lecture,149,149,100.0
Model 2,20,Monday,9:00,Computer Workshop,149,149,100.0
Model 2,20,Tuesday,17:00,Workshop,148,149,99.33
Model 2,20,Wednesday,16:00,Lecture,146,149,97.99
Model 2,21,Friday,15:00,Lecture,53,53,100.0
Model 2,21,Monday,15:00,Lecture,53,53,100.0
Model 2,21,Thursday,17:00,Workshop,53,53,100.0
Model 2,21,Tuesday,15:00,Lecture,50,53,94.34
Model 2,21,Wednesday,11:00,Lecture,53,53,100.0
Model 2,22,Friday,14:00,Lecture,60,60,100.0
Model 2,22,Monday,12:00,Lecture,60,60,100.0
Model 2,22,Tuesday,16:00,Workshop,59,60,98.33
Model 2,23,Friday,13:00,Workshop,30,30,100.0
Model 2,23,Friday,9:00,Lecture,28,30,93.33
Model 2,23,Wednesday,13:00,Lecture,30,30,100.0
Model 2,24,Friday,15:00,Lecture,7,7,100.0
Model 2,24,Monday,15:00,Lecture,7,7,100.0
Model 2,24,Thursday,10:00,Workshop,7,7,100.0
Model 2,24,Thursday,17:00,Lecture,7,7,100.0
Model 2,24,Wednesday,11:00,Lecture,7,7,100.0
Model 2,25,Friday,17:00,Workshop,58,58,100.0
Model 2,25,Thursday,12:00,Lecture,58,58,100.0
Model 2,25,Tuesday,10:00,Lecture,57,58,98.28
Model 2,26,Monday,13:00,Lecture,25,25,100.0
Model 2,26,Thursday,13:00,Lecture,25,25,100.0
Model 2,26,Tuesday,14:00,Workshop,25,25,100.0
Model 2,28,Friday,10:00,Computer Workshop,46,50,92.0
Model 2,28,Monday,14:00,Lecture,49,50,98.0
Model 2,28,Thursday,14:00,Lecture,49,50,98.0
Model 2,28,Tuesday,11:00,Workshop,48,50,96.0
Model 2,32,Friday,11:00,Lecture,308,308,100.0
Model 2,32,Monday,11:00,Lecture,308,308,100.0
Model 2,32,Thursday,15:00,Workshop,308,308,100.0
Model 2,32,Wednesday,15:00,Lecture,308,308,100.0
Model 2,34,Monday,10:00,Workshop,188,188,100.0
Model 2,34,Thursday,16:00,Lecture,188,188,100.0
Model 2,34,Tuesday,16:00,Lecture,188,188,100.0
Model 2,34,Tuesday,9:00,Computer Workshop,188,188,100.0
Model 2,37,Friday,10:00,Workshop,96,96,100.0
Model 2,37,Thursday,11:00,Lecture,96,96,100.0
Model 2,37,Tuesday,12:00,Lecture,96,96,100.0
Model 2,39,Tuesday,11:00,Lecture,97,97,100.0
Model 2,39,Wednesday,11:00,Lecture,97,97,100.0
Model 2,40,Monday,16:00,Lecture,53,54,98.15
Model 2,40,Tuesday,17:00,Workshop,54,54,100.0
Model 2,40,Wednesday,16:00,Lecture,54,54,100.0
Model 2,42,Friday,16:00,Workshop,50,50,100.0
Model 2,42,Monday,17:00,Lecture,50,50,100.0
Model 2,42,Wednesday,17:00,Lecture,50,50,100.0
Model 2,44,Friday,11:00,Workshop,25,25,100.0
Model 2,44,Monday,9:00,Lecture,25,25,100.0
Model 2,44,Tuesday,9:00,Lecture,25,25,100.0
Model 2,48,Monday,17:00,Lecture,256,262,97.71
Model 2,48,Wednesday,17:00,Lecture,256,262,97.71
Model 2,49,Friday,9:00,Computer Workshop,135,145,93.1
Model 2,49,Monday,13:00,Lecture,132,145,91.03
Model 2,49,Wednesday,14:00,Lecture,135,145,93.1
Model 2,50,Thursday,9:00,Workshop,43,43,100.0
Model 2,50,Tuesday,14:00,Lecture,43,43,100.0
Model 2,51,Friday,11:00,Lecture,32,33,96.97
Model 2,51,Monday,11:00,Lecture,33,33,100.0
Model 2,51,Thursday,16:00,Workshop,32,33,96.97
Model 2,53,Friday,16:00,Lecture,44,44,100.0
Model 2,53,Monday,11:00,Lecture,43,44,97.73
Model 2,53,Thursday,16:00,Lecture,44,44,100.0
Model 2,53,Tuesday,9:00,Workshop,44,44,100.0
Model 2,53,Wednesday,16:00,Lecture,43,44,97.73
Model 2,54,Thursday,16:00,Lecture,65,78,83.33
Model 2,54,Tuesday,13:00,Lecture,65,78,83.33
Model 2,54,Wednesday,16:00,Workshop,65,78,83.33
Model 2,56,Thursday,17:00,Lecture,49,59,83.05
Model 2,56,Thursday,9:00,Workshop,49,59,83.05
Model 2,56,Tuesday,17:00,Lecture,49,59,83.05
Model 2,57,Friday,14:00,Workshop,13,13,100.0
Model 2,57,Thursday,17:00,Lecture,13,13,100.0
Model 2,57,Tuesday,14:00,Lecture,13,13,100.0
Model 2,58,Monday,10:00,Lecture,67,67,100.0
Model 2,58,Monday,16:00,Workshop,63,67,94.03
Model 2,58,Thursday,11:00,Lecture,66,67,98.51
Model 2,58,Tuesday,13:00,Lecture,66,67,98.51
Model 2,58,Wednesday,13:00,Lecture,67,67,100.0
Model 2,59,Thursday,10:00,Lecture,161,174,92.53
Model 2,59,Tuesday,15:00,Workshop,160,174,91.95
Model 2,59,Wednesday,10:00,Lecture,161,174,92.53
Model 2,65,Friday,12:00,Workshop,5,5,100.0
Model 2,65,Tuesday,17:00,Lecture,5,5,100.0
Model 2,65,Wednesday,17:00,Lecture,5,5,100.0
Model 2,71,Friday,17:00,Lecture,79,79,100.0
Model 2,71,Monday,14:00,Lecture,79,79,100.0
Model 2,71,Tuesday,14:00,Lecture,79,79,100.0
Model 2,71,Wednesday,17:00,Lecture,79,79,100.0
Model 2,76,Friday,16:00,Computer Workshop,129,140,92.14
Model 2,76,Monday,16:00,Lecture,129,140,92.14
Model 2,76,Tuesday,16:00,Lecture,129,140,92.14
Model 2,77,Friday,12:00,Lecture,160,161,99.38
Model 2,77,Thursday,15:00,Workshop,160,161,99.38
Model 2,77,Wednesday,12:00,Lecture,160,161,99.38
Model 2,78,Friday,17:00,Lecture,29,29,100.0
Model 2,78,Thursday,11:00,Workshop,29,29,100.0
Model 2,78,Thursday,13:00,Lecture,29,29,100.0
Model 2,87,Friday,11:00,Lecture,14,24,58.33
Model 2,87,Monday,9:00,Workshop,14,24,58.33
Model 2,87,Thursday,12:00,Lecture,14,24,58.33
Model 2,87,Tuesday,12:00,Lecture,14,24,58.33
Model 2,87,Wednesday,11:00,Lecture,14,24,58.33
Model 2,88,Friday,14:00,Lecture,207,228,90.79
Model 2,88,Tuesday,9:00,Workshop,207,228,90.79
Model 2,94,Tuesday,10:00,Lecture,37,38,97.37
Model 2,94,Tuesday,13:00,Workshop,38,38,100.0
Model 2,94,Wednesday,9:00,Lecture,38,38,100.0
Model 2,97,Monday,13:00,Lecture,46,47,97.87
Model 2,97,Thursday,13:00,Lecture,46,47,97.87
Model 2,97,Wednesday,14:00,Workshop,47,47,100.0
Model 2,98,Wednesday,15:00,Lecture,29,32,90.62
Model 2,98,Wednesday,9:00,Workshop,29,32,90.62
Model 2,100,Friday,12:00,Lecture,34,35,97.14
Model 2,100,Thursday,12:00,Lecture,35,35,100.0
Model 2,100,Thursday,15:00,Workshop,35,35,100.0
Model 2,101,Thursday,14:00,Workshop,22,22,100.0
Model 2,101,Thursday,9:00,Lecture,22,22,100.0
Model 2,101,Wednesday,12:00,Lecture,22,22,100.0
Model 3,1,Friday,15:00,Workshop,248,248,100.0
Model 3,2,Tuesday,9:00,Lecture,41,41,100.0
Model 3,2,Wednesday,9:00,Lecture,41,41,100.0
Model 3,4,Monday,11:00,Lecture,585,585,100.0
Model 3,4,Monday,9:00,Workshop,585,585,100.0
Model 3,4,Thursday,11:00,Lecture,585,585,100.0
Model 3,4,Tuesday,11:00,Lecture,585,585,100.0
Model 3,4,Wednesday,11:00,Lecture,585,585,100.0
Model 3,7,Friday,14:00,Lecture,57,57,100.0
Model 3,7,Monday,15:00,Lecture,57,57,100.0
Model 3,7,Monday,9:00,Workshop,57,57,100.0
Model 3,8,Monday,16:00,Lecture,452,452,100.0
Model 3,8,Thursday,16:00,Lecture,452,452,100.0
Model 3,8,Tuesday,16:00,Lecture,452,452,100.0
Model 3,8,Wednesday,13:00,Workshop,452,452,100.0
Model 3,8,Wednesday,16:00,Lecture,452,452,100.0
Model 3,11,Thursday,13:00,Workshop,458,458,100.0
Model 3,11,Thursday,17:00,Lecture,458,458,100.0
Model 3,11,Tuesday,17:00,Lecture,458,458,100.0
Model 3,12,Friday,12:00,Lecture,274,274,100.0
Model 3,12,Thursday,9:00,Workshop,273,274,99.64
Model 3,13,Friday,9:00,Lecture,71,71,100.0
Model 3,13,Monday,13:00,Workshop,71,71,100.0
Model 3,13,Wednesday,9:00,Lecture,71,71,100.0
Model 3,14,Monday,9:00,Workshop,141,141,100.0
Model 3,14,Thursday,9:00,Lecture,141,141,100.0
Model 3,14,Wednesday,9:00,Lecture,141,141,100.0
Model 3,16,Friday,15:00,Workshop,427,427,100.0
Model 3,16,Monday,9:00,Lecture,427,427,100.0
Model 3,16,Wednesday,9:00,Lecture,427,427,100.0
Model 3,18,Friday,17:00,Lecture,180,180,100.0
Model 3,18,Tuesday,9:00,Workshop,180,180,100.0
Model 3,18,Wednesday,12:00,Lecture,180,180,100.0
Model 3,20,Friday,17:00,Lecture,148,149,99.33
Model 3,20,Tuesday,12:00,Workshop,148,149,99.33
Model 3,20,Wednesday,16:00,Lecture,149,149,100.0
Model 3,20,Wednesday,9:00,Computer Workshop,147,149,98.66
Model 3,21,Monday,13:00,Lecture,51,53,96.23
Model 3,21,Thursday,13:00,Lecture,53,53,100.0
Model 3,21,Tuesday,13:00,Lecture,51,53,96.23
Model 3,21,Tuesday,17:00,Workshop,52,53,98.11
Model 3,21,Wednesday,13:00,Lecture,53,53,100.0
Model 3,22,Monday,17:00,Lecture,60,60,100.0
Model 3,22,Thursday,16:00,Workshop,56,60,93.33
Model 3,22,Thursday,17:00,Lecture,60,60,100.0
Model 3,23,Friday,11:00,Lecture,30,30,100.0
Model 3,23,Thursday,16:00,Workshop,30,30,100.0
Model 3,23,Wednesday,14:00,Lecture,30,30,100.0
Model 3,24,Monday,10:00,Lecture,7,7,100.0
Model 3,24,Monday,12:00,Workshop,7,7,100.0
Model 3,24,Thursday,10:00,Lecture,6,7,85.71
Model 3,24,Tuesday,10:00,Lecture,7,7,100.0
Model 3,24,Wednesday,16:00,Lecture,7,7,100.0
Model 3,25,Thursday,12:00,Lecture,58,58,100.0
Model 3,25,Tuesday,11:00,Workshop,55,58,94.83
Model 3,25,Wednesday,12:00,Lecture,58,58,100.0
Model 3,26,Monday,14:00,Lecture,25,25,100.0
Model 3,26,Thursday,15:00,Workshop,25,25,100.0
Model 3,26,Tuesday,14:00,Lecture,25,25,100.0
Model 3,28,Friday,12:00,Lecture,49,50,98.0
Model 3,28,Monday,13:00,Computer Workshop,49,50,98.0
Model 3,28,Monday,16:00,Lecture,47,50,94.0
Model 3,28,Tuesday,13:00,Workshop,49,50,98.0
Model 3,32,Monday,10:00,Lecture,308,308,100.0
Model 3,32,Thursday,13:00,Workshop,307,308,99.68
Model 3,32,Thursday,17:00,Lecture,307,308,99.68
Model 3,32,Tuesday,17:00,Lecture,308,308,100.0
Model 3,34,Monday,13:00,Lecture,188,188,100.0
Model 3,34,Tuesday,15:00,Workshop,188,188,100.0
Model 3,34,Tuesday,9:00,Computer Workshop,188,188,100.0
Model 3,34,Wednesday,13:00,Lecture,188,188,100.0
Model 3,37,Friday,10:00,Lecture,96,96,100.0
Model 3,37,Thursday,14:00,Lecture,96,96,100.0
Model 3,37,Tuesday,16:00,Workshop,96,96,100.0
Model 3,39,Monday,9:00,Lecture,97,97,100.0
Model 3,39,Wednesday,10:00,Lecture,97,97,100.0
Model 3,40,Monday,15:00,Lecture,54,54,100.0
Model 3,40,Thursday,11:00,Workshop,54,54,100.0
Model 3,40,Wednesday,9:00,Lecture,54,54,100.0
Model 3,42,Monday,16:00,Workshop,50,50,100.0
Model 3,42,Monday,17:00,Lecture,46,50,92.0
Model 3,42,Wednesday,17:00,Lecture,50,50,100.0
Model 3,44,Tuesday,9:00,Lecture,25,25,100.0
Model 3,44,Wednesday,11:00,Workshop,25,25,100.0
Model 3,44,Wednesday,15:00,Lecture,25,25,100.0
Model 3,48,Thursday,9:00,Lecture,255,262,97.33
Model 3,48,Wednesday,17:00,Lecture,255,262,97.33
Model 3,49,Friday,9:00,Computer Workshop,135,145,93.1
Model 3,49,Thursday,10:00,Lecture,135,145,93.1
Model 3,49,Tuesday,10:00,Lecture,135,145,93.1
Model 3,50,Tuesday,9:00,Workshop,43,43,100.0
Model 3,50,Wednesday,15:00,Lecture,43,43,100.0
Model 3,51,Monday,9:00,Lecture,33,33,100.0
Model 3,51,Thursday,16:00,Workshop,32,33,96.97
Model 3,51,Thursday,17:00,Lecture,29,33,87.88
Model 3,53,Friday,11:00,Lecture,44,44,100.0
Model 3,53,Monday,12:00,Lecture,44,44,100.0
Model 3,53,Tuesday,12:00,Lecture,44,44,100.0
Model 3,53,Wednesday,17:00,Lecture,44,44,100.0
Model 3,53,Wednesday,9:00,Workshop,44,44,100.0
Model 3,54,Monday,15:00,Workshop,65,78,83.33
Model 3,54,Tuesday,15:00,Lecture,65,78,83.33
Model 3,54,Wednesday,10:00,Lecture,65,78,83.33
Model 3,56,Thursday,17:00,Lecture,49,59,83.05
Model 3,56,Tuesday,17:00,Lecture,49,59,83.05
Model 3,56,Wednesday,9:00,Workshop,49,59,83.05
Model 3,57,Monday,9:00,Lecture,13,13,100.0
Model 3,57,Tuesday,9:00,Lecture,13,13,100.0
Model 3,57,Wednesday,11:00,Workshop,13,13,100.0
Model 3,58,Friday,15:00,Lecture,67,67,100.0
Model 3,58,Monday,15:00,Lecture,65,67,97.01
Model 3,58,Thursday,11:00,Lecture,64,67,95.52
Model 3,58,Tuesday,15:00,Workshop,67,67,100.0
Model 3,58,Wednesday,10:00,Lecture,67,67,100.0
Model 3,59,Friday,16:00,Lecture,161,174,92.53
Model 3,59,Monday,10:00,Lecture,161,174,92.53
Model 3,59,Thursday,15:00,Workshop,161,174,92.53
Model 3,65,Monday,14:00,Lecture,5,5,100.0
Model 3,65,Monday,17:00,Workshop,5,5,100.0
Model 3,65,Tuesday,14:00,Lecture,5,5,100.0
Model 3,71,Monday,17:00,Lecture,79,79,100.0
Model 3,71,Thursday,9:00,Lecture,79,79,100.0
Model 3,71,Tuesday,9:00,Lecture,79,79,100.0
Model 3,71,Wednesday,17:00,Lecture,79,79,100.0
Model 3,76,Monday,17:00,Computer Workshop,129,140,92.14
Model 3,76,Thursday,13:00,Lecture,129,140,92.14
Model 3,76,Wednesday,13:00,Lecture,129,140,92.14
Model 3,77,Friday,17:00,Lecture,160,161,99.38
Model 3,77,Monday,11:00,Lecture,160,161,99.38
Model 3,77,Wednesday,11:00,Workshop,160,161,99.38
Model 3,78,Thursday,12:00,Workshop,29,29,100.0
Model 3,78,Tuesday,16:00,Lecture,29,29,100.0
Model 3,78,Wednesday,16:00,Lecture,28,29,96.55
Model 3,87,Monday,12:00,Lecture,14,24,58.33
Model 3,87,Thursday,12:00,Lecture,14,24,58.33
Model 3,87,Tuesday,12:00,Lecture,14,24,58.33
Model 3,87,Tuesday,9:00,Workshop,14,24,58.33
Model 3,87,Wednesday,12:00,Lecture,14,24,58.33
Model 3,88,Monday,9:00,Workshop,207,228,90.79
Model 3,88,Thursday,16:00,Lecture,207,228,90.79
Model 3,94,Friday,13:00,Lecture,38,38,100.0
Model 3,94,Thursday,9:00,Lecture,36,38,94.74
Model 3,94,Tuesday,11:00,Workshop,37,38,97.37
Model 3,97,Friday,14:00,Lecture,47,47,100.0
Model 3,97,Thursday,10:00,Lecture,47,47,100.0
Model 3,97,Thursday,11:00,Workshop,47,47,100.0
Model 3,98,Thursday,9:00,Workshop,29,32,90.62
Model 3,98,Tuesday,11:00,Lecture,29,32,90.62
Model 3,100,Monday,11:00,Workshop,35,35,100.0
Model 3,100,Tuesday,12:00,Lecture,34,35,97.14
Model 3,100,Wednesday,12:00,Lecture,35,35,100.0
Model 3,101,Friday,16:00,Lecture,22,22,100.0
Model 3,101,Monday,10:00,Workshop,22,22,100.0
Model 3,101,Monday,12:00,Lecture,22,22,100.0
