Model,Course,Day,Hour,Activity Type,Attendance_Number,Expected_Students,Attendance_Percentage
Constraint 1-10,3,Tuesday,15:00,Lecture,395,395,100.0
Constraint 1-10,3,Wednesday,15:00,Lecture,395,395,100.0
Constraint 1-10,5,Friday,15:00,Lecture,623,623,100.0
Constraint 1-10,5,Friday,9:00,Workshop,623,623,100.0
Constraint 1-10,5,Monday,9:00,Lecture,623,623,100.0
Constraint 1-10,5,Tuesday,15:00,Lecture,623,623,100.0
Constraint 1-10,5,Wednesday,15:00,Lecture,623,623,100.0
Constraint 1-10,6,Friday,12:00,Lecture,392,392,100.0
Constraint 1-10,6,Thursday,14:00,Lecture,392,392,100.0
Constraint 1-10,6,Tuesday,12:00,Lecture,392,392,100.0
Constraint 1-10,6,Wednesday,12:00,Lecture,392,392,100.0
Constraint 1-10,6,Wednesday,9:00,Workshop,392,392,100.0
Constraint 1-10,9,Friday,15:00,Workshop,461,461,100.0
Constraint 1-10,9,Friday,9:00,Lecture,461,461,100.0
Constraint 1-10,9,Monday,9:00,Lecture,461,461,100.0
Constraint 1-10,10,Monday,12:00,Lecture,388,388,100.0
Constraint 1-10,10,Tuesday,9:00,Computer Workshop,387,388,99.74
Constraint 1-10,10,Wednesday,9:00,Workshop,387,388,99.74
Constraint 1-10,15,Monday,10:00,Lecture,142,142,100.0
Constraint 1-10,15,Thursday,9:00,Workshop,142,142,100.0
Constraint 1-10,17,Friday,15:00,Lecture,429,429,100.0
Constraint 1-10,17,Monday,10:00,Lecture,429,429,100.0
Constraint 1-10,17,Thursday,17:00,Workshop,429,429,100.0
Constraint 1-10,17,Tuesday,15:00,Lecture,429,429,100.0
Constraint 1-10,17,Wednesday,15:00,Lecture,429,429,100.0
Constraint 1-10,19,Monday,17:00,Lecture,193,193,100.0
Constraint 1-10,19,Thursday,13:00,Lecture,193,193,100.0
Constraint 1-10,21,Friday,17:00,Lecture,53,53,100.0
Constraint 1-10,21,Monday,11:00,Workshop,53,53,100.0
Constraint 1-10,21,Monday,16:00,Lecture,53,53,100.0
Constraint 1-10,21,Tuesday,16:00,Lecture,53,53,100.0
Constraint 1-10,21,Wednesday,10:00,Lecture,53,53,100.0
Constraint 1-10,24,Friday,11:00,Lecture,7,7,100.0
Constraint 1-10,24,Friday,12:00,Workshop,7,7,100.0
Constraint 1-10,24,Monday,13:00,Lecture,7,7,100.0
Constraint 1-10,24,Thursday,17:00,Lecture,7,7,100.0
Constraint 1-10,24,Wednesday,12:00,Lecture,7,7,100.0
Constraint 1-10,27,Friday,13:00,Lecture,19,19,100.0
Constraint 1-10,27,Thursday,14:00,Workshop,19,19,100.0
Constraint 1-10,27,Tuesday,15:00,Lecture,19,19,100.0
Constraint 1-10,29,Thursday,15:00,Lecture,188,188,100.0
Constraint 1-10,30,Thursday,16:00,Lecture,129,129,100.0
Constraint 1-10,30,Tuesday,12:00,Lecture,129,129,100.0
Constraint 1-10,33,Friday,10:00,Lecture,291,291,100.0
Constraint 1-10,33,Thursday,17:00,Workshop,291,291,100.0
Constraint 1-10,33,Thursday,9:00,Computer Workshop,291,291,100.0
Constraint 1-10,33,Tuesday,10:00,Lecture,291,291,100.0
Constraint 1-10,35,Monday,16:00,Lecture,199,199,100.0
Constraint 1-10,35,Tuesday,11:00,Workshop,199,199,100.0
Constraint 1-10,35,Wednesday,11:00,Lecture,199,199,100.0
Constraint 1-10,36,Friday,9:00,Lecture,137,139,98.56
Constraint 1-10,36,Thursday,12:00,Lecture,139,139,100.0
Constraint 1-10,38,Monday,15:00,Lecture,87,88,98.86
Constraint 1-10,38,Monday,9:00,Computer Workshop,88,88,100.0
Constraint 1-10,41,Monday,10:00,Lecture,23,23,100.0
Constraint 1-10,41,Tuesday,12:00,Lecture,23,23,100.0
Constraint 1-10,41,Wednesday,9:00,Workshop,23,23,100.0
Constraint 1-10,43,Friday,11:00,Lecture,28,28,100.0
Constraint 1-10,43,Wednesday,11:00,Lecture,28,28,100.0
Constraint 1-10,43,Wednesday,15:00,Workshop,28,28,100.0
Constraint 1-10,45,Monday,16:00,Lecture,3,3,100.0
Constraint 1-10,45,Monday,17:00,Workshop,3,3,100.0
Constraint 1-10,45,Tuesday,16:00,Lecture,3,3,100.0
Constraint 1-10,46,Monday,12:00,Lecture,54,54,100.0
Constraint 1-10,46,Tuesday,11:00,Lecture,54,54,100.0
Constraint 1-10,46,Tuesday,9:00,Workshop,54,54,100.0
Constraint 1-10,46,Wednesday,11:00,Lecture,54,54,100.0
Constraint 1-10,47,Thursday,14:00,Lecture,172,172,100.0
Constraint 1-10,47,Wednesday,9:00,Computer Workshop,170,172,98.84
Constraint 1-10,52,Friday,16:00,Lecture,84,84,100.0
Constraint 1-10,52,Thursday,11:00,Lecture,84,84,100.0
Constraint 1-10,52,Tuesday,17:00,Workshop,84,84,100.0
Constraint 1-10,53,Friday,15:00,Lecture,44,44,100.0
Constraint 1-10,53,Monday,14:00,Lecture,44,44,100.0
Constraint 1-10,53,Tuesday,15:00,Lecture,44,44,100.0
Constraint 1-10,53,Wednesday,15:00,Lecture,44,44,100.0
Constraint 1-10,53,Wednesday,9:00,Workshop,44,44,100.0
Constraint 1-10,55,Monday,11:00,Workshop,53,53,100.0
Constraint 1-10,55,Thursday,14:00,Lecture,53,53,100.0
Constraint 1-10,55,Tuesday,14:00,Lecture,53,53,100.0
Constraint 1-10,60,Monday,14:00,Lecture,37,37,100.0
Constraint 1-10,60,Thursday,13:00,Lecture,37,37,100.0
Constraint 1-10,60,Tuesday,13:00,Workshop,37,37,100.0
Constraint 1-10,61,Friday,9:00,Workshop,47,50,94.0
Constraint 1-10,61,Monday,15:00,Lecture,50,50,100.0
Constraint 1-10,61,Wednesday,10:00,Lecture,49,50,98.0
Constraint 1-10,62,Friday,14:00,Lecture,9,9,100.0
Constraint 1-10,62,Monday,10:00,Lecture,9,9,100.0
Constraint 1-10,62,Tuesday,14:00,Lecture,9,9,100.0
Constraint 1-10,62,Wednesday,14:00,Lecture,9,9,100.0
Constraint 1-10,63,Monday,11:00,Workshop,18,18,100.0
Constraint 1-10,63,Tuesday,16:00,Lecture,18,18,100.0
Constraint 1-10,63,Wednesday,10:00,Lecture,18,18,100.0
Constraint 1-10,64,Friday,12:00,Lecture,43,43,100.0
Constraint 1-10,64,Monday,13:00,Lecture,43,43,100.0
Constraint 1-10,64,Tuesday,10:00,Workshop,43,43,100.0
Constraint 1-10,66,Monday,13:00,Lecture,27,27,100.0
Constraint 1-10,66,Monday,15:00,Workshop,27,27,100.0
Constraint 1-10,66,Tuesday,9:00,Lecture,27,27,100.0
Constraint 1-10,67,Monday,16:00,Lecture,23,23,100.0
Constraint 1-10,67,Thursday,11:00,Lecture,23,23,100.0
Constraint 1-10,67,Tuesday,16:00,Computer Workshop,23,23,100.0
Constraint 1-10,68,Friday,13:00,Lecture,149,149,100.0
Constraint 1-10,68,Monday,9:00,Lecture,149,149,100.0
Constraint 1-10,68,Tuesday,17:00,Computer Workshop,149,149,100.0
Constraint 1-10,69,Friday,17:00,Lecture,27,27,100.0
Constraint 1-10,69,Friday,9:00,Computer Workshop,26,27,96.3
Constraint 1-10,69,Thursday,17:00,Lecture,27,27,100.0
Constraint 1-10,72,Thursday,15:00,Lecture,36,36,100.0
Constraint 1-10,72,Tuesday,15:00,Workshop,36,36,100.0
Constraint 1-10,72,Wednesday,15:00,Lecture,36,36,100.0
Constraint 1-10,73,Friday,16:00,Lecture,65,66,98.48
Constraint 1-10,73,Monday,14:00,Lecture,65,66,98.48
Constraint 1-10,73,Tuesday,9:00,Workshop,65,66,98.48
Constraint 1-10,74,Monday,12:00,Lecture,96,96,100.0
Constraint 1-10,74,Thursday,9:00,Workshop,95,96,98.96
Constraint 1-10,74,Wednesday,9:00,Lecture,96,96,100.0
Constraint 1-10,79,Monday,10:00,Lecture,79,79,100.0
Constraint 1-10,79,Thursday,9:00,Workshop,77,79,97.47
Constraint 1-10,79,Wednesday,16:00,Lecture,79,79,100.0
Constraint 1-10,80,Friday,12:00,Lecture,48,48,100.0
Constraint 1-10,80,Friday,9:00,Workshop,47,48,97.92
Constraint 1-10,80,Wednesday,12:00,Lecture,48,48,100.0
Constraint 1-10,81,Friday,14:00,Workshop,185,185,100.0
Constraint 1-10,81,Tuesday,13:00,Lecture,185,185,100.0
Constraint 1-10,81,Wednesday,13:00,Lecture,185,185,100.0
Constraint 1-10,83,Monday,17:00,Workshop,96,96,100.0
Constraint 1-10,83,Tuesday,11:00,Lecture,96,96,100.0
Constraint 1-10,85,Friday,11:00,Lecture,71,71,100.0
Constraint 1-10,85,Monday,13:00,Lecture,71,71,100.0
Constraint 1-10,85,Wednesday,14:00,Workshop,71,71,100.0
Constraint 1-10,86,Friday,15:00,Workshop,19,19,100.0
Constraint 1-10,86,Thursday,16:00,Lecture,19,19,100.0
Constraint 1-10,86,Wednesday,16:00,Lecture,19,19,100.0
Constraint 1-10,87,Friday,13:00,Lecture,24,24,100.0
Constraint 1-10,87,Monday,9:00,Workshop,24,24,100.0
Constraint 1-10,87,Thursday,13:00,Lecture,24,24,100.0
Constraint 1-10,87,Tuesday,13:00,Lecture,24,24,100.0
Constraint 1-10,87,Wednesday,13:00,Lecture,24,24,100.0
Constraint 1-10,89,Thursday,14:00,Workshop,39,39,100.0
Constraint 1-10,89,Tuesday,11:00,Lecture,39,39,100.0
Constraint 1-10,89,Wednesday,11:00,Lecture,39,39,100.0
Constraint 1-10,90,Friday,10:00,Lecture,152,153,99.35
Constraint 1-10,90,Thursday,10:00,Lecture,153,153,100.0
Constraint 1-10,90,Wednesday,17:00,Workshop,153,153,100.0
Constraint 1-10,91,Monday,17:00,Workshop,11,11,100.0
Constraint 1-10,91,Thursday,17:00,Lecture,11,11,100.0
Constraint 1-10,91,Wednesday,12:00,Lecture,11,11,100.0
Constraint 1-10,95,Friday,10:00,Lecture,12,12,100.0
Constraint 1-10,95,Monday,12:00,Lecture,12,12,100.0
Constraint 1-10,95,Monday,17:00,Workshop,12,12,100.0
Constraint 1-10,96,Thursday,13:00,Workshop,36,36,100.0
Constraint 1-10,99,Friday,14:00,Lecture,35,35,100.0
Constraint 1-10,99,Tuesday,14:00,Lecture,35,35,100.0
Constraint 1-10,99,Wednesday,13:00,Workshop,35,35,100.0
Constraint 1-10,99,Wednesday,14:00,Lecture,35,35,100.0
Constraint 1-10,102,Friday,16:00,Lecture,11,11,100.0
Constraint 1-10,102,Wednesday,16:00,Lecture,11,11,100.0
Constraint 1-10,103,Friday,11:00,Workshop,17,17,100.0
Constraint 1-10,103,Thursday,12:00,Lecture,17,17,100.0
Constraint 1-10,103,Tuesday,12:00,Lecture,17,17,100.0
