Model,Course,Day,Hour,Activity Type,Attendance_Number,Expected_Students,Attendance_Percentage
Constraint 1-10,1,Friday,14:00,Workshop,248,248,100.0
Constraint 1-10,2,Monday,10:00,Lecture,41,41,100.0
Constraint 1-10,2,Tuesday,16:00,Lecture,41,41,100.0
Constraint 1-10,4,Friday,12:00,Lecture,585,585,100.0
Constraint 1-10,4,Thursday,13:00,Lecture,585,585,100.0
Constraint 1-10,4,Tuesday,13:00,Lecture,585,585,100.0
Constraint 1-10,4,Tuesday,9:00,Workshop,585,585,100.0
Constraint 1-10,4,Wednesday,13:00,Lecture,585,585,100.0
Constraint 1-10,7,Friday,10:00,Lecture,57,57,100.0
Constraint 1-10,7,Tuesday,14:00,Lecture,57,57,100.0
Constraint 1-10,7,Tuesday,9:00,Workshop,57,57,100.0
Constraint 1-10,8,Monday,11:00,Lecture,452,452,100.0
Constraint 1-10,8,Thursday,11:00,Lecture,452,452,100.0
Constraint 1-10,8,Tuesday,11:00,Lecture,452,452,100.0
Constraint 1-10,8,Tuesday,17:00,Workshop,452,452,100.0
Constraint 1-10,8,Wednesday,11:00,Lecture,452,452,100.0
Constraint 1-10,11,Tuesday,16:00,Workshop,458,458,100.0
Constraint 1-10,12,Friday,17:00,Lecture,274,274,100.0
Constraint 1-10,12,Wednesday,9:00,Workshop,274,274,100.0
Constraint 1-10,13,Friday,9:00,Lecture,71,71,100.0
Constraint 1-10,13,Monday,17:00,Workshop,71,71,100.0
Constraint 1-10,13,Wednesday,17:00,Lecture,71,71,100.0
Constraint 1-10,14,Friday,17:00,Lecture,141,141,100.0
Constraint 1-10,14,Monday,11:00,Workshop,141,141,100.0
Constraint 1-10,14,Tuesday,9:00,Lecture,141,141,100.0
Constraint 1-10,16,Friday,14:00,Lecture,427,427,100.0
Constraint 1-10,16,Monday,11:00,Workshop,427,427,100.0
Constraint 1-10,16,Monday,9:00,Lecture,427,427,100.0
Constraint 1-10,18,Friday,15:00,Lecture,180,180,100.0
Constraint 1-10,18,Thursday,10:00,Lecture,360,180,200.0
Constraint 1-10,18,Thursday,9:00,Workshop,180,180,100.0
Constraint 1-10,20,Monday,15:00,Lecture,148,149,99.33
Constraint 1-10,20,Thursday,9:00,Lecture,147,149,98.66
Constraint 1-10,21,Monday,11:00,Lecture,51,53,96.23
Constraint 1-10,21,Thursday,11:00,Lecture,53,53,100.0
Constraint 1-10,21,Thursday,12:00,Workshop,53,53,100.0
Constraint 1-10,21,Tuesday,16:00,Lecture,51,53,96.23
Constraint 1-10,21,Wednesday,11:00,Lecture,53,53,100.0
Constraint 1-10,22,Monday,12:00,Lecture,60,60,100.0
Constraint 1-10,22,Tuesday,12:00,Lecture,59,60,98.33
Constraint 1-10,22,Tuesday,13:00,Workshop,59,60,98.33
Constraint 1-10,23,Thursday,15:00,Lecture,29,30,96.67
Constraint 1-10,23,Wednesday,17:00,Lecture,30,30,100.0
Constraint 1-10,23,Wednesday,9:00,Workshop,30,30,100.0
Constraint 1-10,24,Monday,12:00,Lecture,7,7,100.0
Constraint 1-10,24,Monday,17:00,Workshop,7,7,100.0
Constraint 1-10,24,Thursday,11:00,Lecture,7,7,100.0
Constraint 1-10,24,Tuesday,14:00,Lecture,7,7,100.0
Constraint 1-10,24,Wednesday,11:00,Lecture,7,7,100.0
Constraint 1-10,25,Monday,13:00,Lecture,58,58,100.0
Constraint 1-10,25,Thursday,13:00,Lecture,58,58,100.0
Constraint 1-10,25,Wednesday,12:00,Workshop,58,58,100.0
Constraint 1-10,26,Friday,16:00,Lecture,23,25,92.0
Constraint 1-10,26,Tuesday,12:00,Lecture,25,25,100.0
Constraint 1-10,26,Tuesday,13:00,Workshop,25,25,100.0
Constraint 1-10,28,Friday,13:00,Lecture,49,50,98.0
Constraint 1-10,28,Friday,14:00,Computer Workshop,46,50,92.0
Constraint 1-10,28,Monday,11:00,Lecture,49,50,98.0
Constraint 1-10,28,Tuesday,16:00,Workshop,49,50,98.0
Constraint 1-10,31,Monday,16:00,Lecture,203,216,93.98
Constraint 1-10,31,Tuesday,10:00,Workshop,203,216,93.98
Constraint 1-10,31,Wednesday,16:00,Lecture,203,216,93.98
Constraint 1-10,32,Friday,15:00,Lecture,308,308,100.0
Constraint 1-10,32,Friday,9:00,Computer Workshop,308,308,100.0
Constraint 1-10,32,Monday,12:00,Lecture,307,308,99.68
Constraint 1-10,32,Thursday,10:00,Workshop,308,308,100.0
Constraint 1-10,32,Thursday,17:00,Lecture,308,308,100.0
Constraint 1-10,34,Monday,11:00,Lecture,188,188,100.0
Constraint 1-10,34,Monday,17:00,Workshop,188,188,100.0
Constraint 1-10,34,Wednesday,11:00,Lecture,188,188,100.0
Constraint 1-10,37,Friday,14:00,Lecture,96,96,100.0
Constraint 1-10,37,Wednesday,10:00,Lecture,96,96,100.0
Constraint 1-10,39,Monday,9:00,Lecture,96,97,98.97
Constraint 1-10,39,Tuesday,9:00,Lecture,96,97,98.97
Constraint 1-10,39,Wednesday,16:00,Workshop,96,97,98.97
Constraint 1-10,40,Thursday,9:00,Lecture,54,54,100.0
Constraint 1-10,40,Tuesday,17:00,Workshop,54,54,100.0
Constraint 1-10,40,Tuesday,9:00,Lecture,53,54,98.15
Constraint 1-10,42,Monday,14:00,Lecture,50,50,100.0
Constraint 1-10,42,Thursday,16:00,Workshop,49,50,98.0
Constraint 1-10,42,Wednesday,14:00,Lecture,50,50,100.0
Constraint 1-10,44,Thursday,13:00,Workshop,25,25,100.0
Constraint 1-10,44,Thursday,17:00,Lecture,25,25,100.0
Constraint 1-10,44,Wednesday,12:00,Lecture,25,25,100.0
Constraint 1-10,48,Thursday,14:00,Workshop,256,262,97.71
Constraint 1-10,48,Tuesday,17:00,Lecture,253,262,96.56
Constraint 1-10,48,Wednesday,17:00,Lecture,255,262,97.33
Constraint 1-10,49,Monday,10:00,Workshop,135,145,93.1
Constraint 1-10,49,Tuesday,14:00,Lecture,135,145,93.1
Constraint 1-10,49,Wednesday,13:00,Lecture,135,145,93.1
Constraint 1-10,50,Tuesday,11:00,Lecture,43,43,100.0
Constraint 1-10,50,Wednesday,9:00,Workshop,43,43,100.0
Constraint 1-10,51,Friday,15:00,Workshop,33,33,100.0
Constraint 1-10,51,Thursday,17:00,Lecture,31,33,93.94
Constraint 1-10,51,Wednesday,17:00,Lecture,31,33,93.94
Constraint 1-10,53,Monday,14:00,Lecture,44,44,100.0
Constraint 1-10,53,Thursday,17:00,Lecture,44,44,100.0
Constraint 1-10,53,Thursday,9:00,Workshop,44,44,100.0
Constraint 1-10,53,Tuesday,17:00,Lecture,44,44,100.0
Constraint 1-10,53,Wednesday,14:00,Lecture,44,44,100.0
Constraint 1-10,54,Friday,14:00,Lecture,65,78,83.33
Constraint 1-10,54,Tuesday,16:00,Workshop,65,78,83.33
Constraint 1-10,54,Wednesday,12:00,Lecture,65,78,83.33
Constraint 1-10,57,Monday,17:00,Workshop,13,13,100.0
Constraint 1-10,57,Thursday,14:00,Lecture,13,13,100.0
Constraint 1-10,57,Tuesday,14:00,Lecture,13,13,100.0
Constraint 1-10,58,Friday,16:00,Lecture,67,67,100.0
Constraint 1-10,58,Monday,15:00,Lecture,66,67,98.51
Constraint 1-10,58,Monday,9:00,Workshop,66,67,98.51
Constraint 1-10,58,Thursday,14:00,Lecture,66,67,98.51
Constraint 1-10,58,Wednesday,15:00,Lecture,67,67,100.0
Constraint 1-10,59,Monday,17:00,Lecture,161,174,92.53
Constraint 1-10,59,Thursday,10:00,Lecture,161,174,92.53
Constraint 1-10,59,Tuesday,15:00,Workshop,161,174,92.53
Constraint 1-10,65,Friday,15:00,Workshop,5,5,100.0
Constraint 1-10,65,Tuesday,17:00,Lecture,5,5,100.0
Constraint 1-10,65,Wednesday,11:00,Lecture,5,5,100.0
Constraint 1-10,70,Friday,15:00,Workshop,88,88,100.0
Constraint 1-10,70,Monday,14:00,Lecture,88,88,100.0
Constraint 1-10,71,Friday,17:00,Lecture,79,79,100.0
Constraint 1-10,71,Thursday,17:00,Lecture,79,79,100.0
Constraint 1-10,71,Tuesday,14:00,Lecture,79,79,100.0
Constraint 1-10,71,Wednesday,13:00,Lecture,79,79,100.0
Constraint 1-10,76,Friday,16:00,Lecture,129,140,92.14
Constraint 1-10,76,Monday,12:00,Computer Workshop,129,140,92.14
Constraint 1-10,76,Thursday,17:00,Lecture,129,140,92.14
Constraint 1-10,77,Friday,9:00,Lecture,160,161,99.38
Constraint 1-10,77,Thursday,15:00,Lecture,160,161,99.38
Constraint 1-10,77,Thursday,16:00,Workshop,160,161,99.38
Constraint 1-10,78,Friday,16:00,Lecture,29,29,100.0
Constraint 1-10,78,Friday,17:00,Workshop,29,29,100.0
Constraint 1-10,78,Monday,15:00,Lecture,28,29,96.55
Constraint 1-10,87,Friday,11:00,Lecture,14,24,58.33
Constraint 1-10,87,Monday,14:00,Lecture,14,24,58.33
Constraint 1-10,87,Thursday,12:00,Lecture,14,24,58.33
Constraint 1-10,87,Wednesday,12:00,Lecture,14,24,58.33
Constraint 1-10,87,Wednesday,9:00,Workshop,14,24,58.33
Constraint 1-10,88,Thursday,9:00,Workshop,207,228,90.79
Constraint 1-10,88,Tuesday,12:00,Lecture,207,228,90.79
Constraint 1-10,94,Friday,10:00,Lecture,38,38,100.0
Constraint 1-10,94,Monday,9:00,Lecture,38,38,100.0
Constraint 1-10,97,Friday,11:00,Workshop,47,47,100.0
Constraint 1-10,97,Friday,12:00,Lecture,47,47,100.0
Constraint 1-10,97,Tuesday,9:00,Lecture,46,47,97.87
Constraint 1-10,98,Tuesday,9:00,Workshop,29,32,90.62
Constraint 1-10,98,Wednesday,10:00,Lecture,28,32,87.5
Constraint 1-10,100,Monday,10:00,Lecture,34,35,97.14
Constraint 1-10,100,Tuesday,11:00,Workshop,35,35,100.0
Constraint 1-10,100,Wednesday,15:00,Lecture,35,35,100.0
Constraint 1-10,101,Friday,13:00,Lecture,22,22,100.0
Constraint 1-10,101,Thursday,10:00,Lecture,22,22,100.0
Constraint 1-10,101,Tuesday,15:00,Workshop,22,22,100.0
